{"version": "1", "message": "ERROR: Hidden Testcases server unreachable.", "problem_id": "ads2_m4_a1_1", "user_id": "Arepallyrakesh", "score": {"sample": {"0": {"execution_time": 0.3341073989868164, "passed": true}, "1": {"execution_time": 0.26551342010498047, "passed": true}, "2": {"execution_time": 0.29407644271850586, "passed": true}, "3": {"execution_time": 0.5998959541320801, "passed": true}, "4": {"execution_time": 0.2922654151916504, "passed": true}, "5": {"execution_time": 0.23869657516479492, "passed": true}, "6": {"execution_time": 0.2558765411376953, "passed": true}, "7": {"execution_time": 0.2306983470916748, "passed": true}, "8": {"execution_time": 0.24442172050476074, "passed": true}, "9": {"execution_time": 0.20246505737304688, "passed": true}, "10": {"execution_time": 0.30019569396972656, "passed": true}, "11": {"execution_time": 0.2014622688293457, "passed": true}, "12": {"execution_time": 0.20038938522338867, "passed": true}, "13": {"execution_time": 1.26198148727417, "passed": true}, "14": {"execution_time": 0.20150113105773926, "passed": true}}}, "check_style_score": "0/1"}