{"version": "1", "message": "ERROR: Hidden Testcases server unreachable.", "problem_id": "ads2_m4_a1_1", "user_id": "Arepallyrakesh", "score": {"sample": {"0": {"execution_time": 0.3216559886932373, "passed": true}, "1": {"execution_time": 0.5070087909698486, "passed": true}, "2": {"execution_time": 0.4898049831390381, "passed": true}, "3": {"execution_time": 0.2929832935333252, "passed": true}, "4": {"execution_time": 0.2679569721221924, "passed": true}, "5": {"execution_time": 0.23810577392578125, "passed": true}, "6": {"execution_time": 0.2478928565979004, "passed": true}, "7": {"execution_time": 0.268505334854126, "passed": true}, "8": {"execution_time": 0.4309546947479248, "passed": true}, "9": {"execution_time": 0.20807886123657227, "passed": true}, "10": {"execution_time": 0.2300405502319336, "passed": true}, "11": {"execution_time": 0.2855796813964844, "passed": true}, "12": {"execution_time": 0.3267555236816406, "passed": true}, "13": {"execution_time": 1.411217212677002, "passed": true}, "14": {"execution_time": 0.2449347972869873, "passed": true}}}, "check_style_score": "0/1"}