{"version": "1", "message": "ERROR: Hidden Testcases server unreachable.", "problem_id": "ads2_m6_a1_1", "user_id": "Arepallyrakesh", "score": {"sample": {"0": {"execution_time": 0.2401878833770752, "passed": false}, "1": {"execution_time": 0.20761466026306152, "passed": false}, "2": {"execution_time": 0.20311641693115234, "passed": false}, "3": {"execution_time": 0.2115006446838379, "passed": false}, "4": {"execution_time": 0.2200779914855957, "passed": false}, "5": {"execution_time": 0.2146766185760498, "passed": false}, "6": {"execution_time": 0.20650553703308105, "passed": false}, "7": {"execution_time": 0.22681927680969238, "passed": false}, "8": {"execution_time": 0.21103835105895996, "passed": false}, "9": {"execution_time": 0.2024369239807129, "passed": false}, "10": {"execution_time": 0.2000730037689209, "passed": false}, "11": {"execution_time": 0.21544241905212402, "passed": false}}}, "check_style_score": "0/1"}