{"version": "1", "message": "ERROR: Hidden Testcases server unreachable.", "problem_id": "ads2_m6_a1_1", "user_id": "Arepallyrakesh", "score": {"sample": {"0": {"execution_time": 0.24049806594848633, "passed": false}, "1": {"execution_time": 0.20706820487976074, "passed": false}, "2": {"execution_time": 0.2182908058166504, "passed": false}, "3": {"execution_time": 0.20703411102294922, "passed": false}, "4": {"execution_time": 0.20321178436279297, "passed": false}, "5": {"execution_time": 0.2081432342529297, "passed": false}, "6": {"execution_time": 0.20837783813476562, "passed": false}, "7": {"execution_time": 0.2643160820007324, "passed": false}, "8": {"execution_time": 0.21871638298034668, "passed": false}, "9": {"execution_time": 0.2141742706298828, "passed": false}, "10": {"execution_time": 0.2081739902496338, "passed": false}, "11": {"execution_time": 0.24513673782348633, "passed": false}}}, "check_style_score": "0/1"}