{"version": "1", "message": "ERROR: Hidden Testcases server unreachable.", "problem_id": "ads2_m6_a1_1", "user_id": "Arepallyrakesh", "score": {"sample": {"0": {"execution_time": 0.3651845455169678, "passed": false}, "1": {"execution_time": 0.3036952018737793, "passed": false}, "2": {"execution_time": 0.2850837707519531, "passed": false}, "3": {"execution_time": 0.285538911819458, "passed": false}, "4": {"execution_time": 0.2956845760345459, "passed": false}, "5": {"execution_time": 0.30933237075805664, "passed": false}, "6": {"execution_time": 0.29537224769592285, "passed": true}, "7": {"execution_time": 0.28002333641052246, "passed": false}, "8": {"execution_time": 0.2633521556854248, "passed": false}, "9": {"execution_time": 0.27074575424194336, "passed": false}, "10": {"execution_time": 0.26306939125061035, "passed": true}, "11": {"execution_time": 0.2723057270050049, "passed": false}}}, "check_style_score": "0/1"}