{"version": "1", "message": "ERROR: Hidden Testcases server unreachable.", "problem_id": "ads2_m6_a1_1", "user_id": "Arepallyrakesh", "score": {"sample": {"0": {"execution_time": 0.27689337730407715, "passed": false}, "1": {"execution_time": 0.29325199127197266, "passed": false}, "2": {"execution_time": 0.3204917907714844, "passed": false}, "3": {"execution_time": 0.27773523330688477, "passed": false}, "4": {"execution_time": 0.29131436347961426, "passed": false}, "5": {"execution_time": 0.29927754402160645, "passed": false}, "6": {"execution_time": 0.26355719566345215, "passed": false}, "7": {"execution_time": 0.27419042587280273, "passed": false}, "8": {"execution_time": 0.2461843490600586, "passed": false}, "9": {"execution_time": 0.26528406143188477, "passed": false}, "10": {"execution_time": 0.2793247699737549, "passed": false}, "11": {"execution_time": 0.30863118171691895, "passed": false}}}, "check_style_score": "0/1"}