{"version": "1", "message": "ERROR: Hidden Testcases server unreachable.", "problem_id": "ads2_m6_a1_1", "user_id": "Arepallyrakesh", "score": {"sample": {"0": {"execution_time": 0.3597588539123535, "passed": false}, "1": {"execution_time": 0.2613234519958496, "passed": false}, "2": {"execution_time": 0.2591135501861572, "passed": false}, "3": {"execution_time": 0.2792844772338867, "passed": false}, "4": {"execution_time": 0.31897735595703125, "passed": false}, "5": {"execution_time": 0.26566052436828613, "passed": false}, "6": {"execution_time": 0.269974946975708, "passed": true}, "7": {"execution_time": 0.2580430507659912, "passed": false}, "8": {"execution_time": 0.2524528503417969, "passed": false}, "9": {"execution_time": 0.26715779304504395, "passed": false}, "10": {"execution_time": 0.32503318786621094, "passed": true}, "11": {"execution_time": 0.27828335762023926, "passed": false}}}, "check_style_score": "0/1"}