{"version": "1", "message": "ERROR: Hidden Testcases server unreachable.", "problem_id": "ads2_m6_a1_1", "user_id": "Arepallyrakesh", "score": {"sample": {"0": {"execution_time": 0.28783249855041504, "passed": false}, "1": {"execution_time": 0.2962019443511963, "passed": false}, "2": {"execution_time": 0.2944023609161377, "passed": false}, "3": {"execution_time": 0.26746582984924316, "passed": false}, "4": {"execution_time": 0.2796454429626465, "passed": false}, "5": {"execution_time": 0.2834329605102539, "passed": false}, "6": {"execution_time": 0.2780187129974365, "passed": false}, "7": {"execution_time": 0.3112356662750244, "passed": false}, "8": {"execution_time": 0.2582423686981201, "passed": false}, "9": {"execution_time": 0.290576696395874, "passed": false}, "10": {"execution_time": 0.3153188228607178, "passed": false}, "11": {"execution_time": 0.24578046798706055, "passed": false}}}, "check_style_score": "0/1"}