{"version": "1", "message": "ERROR: Hidden Testcases server unreachable.", "problem_id": "ads2_m6_a1_1", "user_id": "Arepallyrakesh", "score": {"sample": {"0": {"execution_time": 0.321516752243042, "passed": false}, "1": {"execution_time": 0.2861199378967285, "passed": false}, "2": {"execution_time": 0.2533535957336426, "passed": false}, "3": {"execution_time": 0.2713615894317627, "passed": false}, "4": {"execution_time": 0.26941847801208496, "passed": false}, "5": {"execution_time": 0.27774882316589355, "passed": false}, "6": {"execution_time": 0.25978994369506836, "passed": true}, "7": {"execution_time": 0.25517821311950684, "passed": false}, "8": {"execution_time": 0.2547605037689209, "passed": false}, "9": {"execution_time": 0.2701437473297119, "passed": false}, "10": {"execution_time": 0.26970767974853516, "passed": true}, "11": {"execution_time": 0.34633970260620117, "passed": false}}}, "check_style_score": "0/1"}