{"version": "1", "message": "ERROR: Hidden Testcases server unreachable.", "problem_id": "ads2_m6_a1_1", "user_id": "Arepallyrakesh", "score": {"sample": {"0": {"execution_time": 0.17043542861938477, "passed": false}, "1": {"execution_time": 0.1719667911529541, "passed": false}, "2": {"execution_time": 0.1698901653289795, "passed": false}, "3": {"execution_time": 0.16324186325073242, "passed": false}, "4": {"execution_time": 0.16459894180297852, "passed": false}, "5": {"execution_time": 0.1649179458618164, "passed": false}, "6": {"execution_time": 0.17109179496765137, "passed": false}, "7": {"execution_time": 0.19115424156188965, "passed": false}, "8": {"execution_time": 0.1717081069946289, "passed": false}, "9": {"execution_time": 0.16760611534118652, "passed": false}, "10": {"execution_time": 0.16710591316223145, "passed": false}, "11": {"execution_time": 0.18419933319091797, "passed": false}}}, "check_style_score": "0/1"}