{"version": "1", "message": "ERROR: Hidden Testcases server unreachable.", "problem_id": "ads2_m6_a1_1", "user_id": "Arepallyrakesh", "score": {"sample": {"0": {"execution_time": 0.2339479923248291, "passed": false}, "1": {"execution_time": 0.20438098907470703, "passed": false}, "2": {"execution_time": 0.2012009620666504, "passed": false}, "3": {"execution_time": 0.22456669807434082, "passed": false}, "4": {"execution_time": 0.21673345565795898, "passed": false}, "5": {"execution_time": 0.20801520347595215, "passed": false}, "6": {"execution_time": 0.20304059982299805, "passed": false}, "7": {"execution_time": 0.2052924633026123, "passed": false}, "8": {"execution_time": 0.21315288543701172, "passed": false}, "9": {"execution_time": 0.24823808670043945, "passed": false}, "10": {"execution_time": 0.21196699142456055, "passed": false}, "11": {"execution_time": 0.2235276699066162, "passed": false}}}, "check_style_score": "0/1"}