{"version": "1", "message": "ERROR: Hidden Testcases server unreachable.", "problem_id": "ads2_m6_a1_1", "user_id": "Arepallyrakesh", "score": {"sample": {"0": {"execution_time": 0.23993659019470215, "passed": false}, "1": {"execution_time": 0.22291231155395508, "passed": false}, "2": {"execution_time": 0.20785117149353027, "passed": false}, "3": {"execution_time": 0.21389341354370117, "passed": false}, "4": {"execution_time": 0.24535369873046875, "passed": false}, "5": {"execution_time": 0.2173299789428711, "passed": false}, "6": {"execution_time": 0.20592117309570312, "passed": false}, "7": {"execution_time": 0.21453237533569336, "passed": false}, "8": {"execution_time": 0.22142553329467773, "passed": false}, "9": {"execution_time": 0.25235700607299805, "passed": false}, "10": {"execution_time": 0.20419669151306152, "passed": false}, "11": {"execution_time": 0.21676349639892578, "passed": false}}}, "check_style_score": "0/1"}