{"version": "1", "message": "ERROR: Hidden Testcases server unreachable.", "problem_id": "ads2_m16_a1_1", "user_id": "Arepallyrakesh", "score": {"sample": {"0": {"execution_time": 0.5584230422973633, "passed": true}, "1": {"execution_time": 0.2911856174468994, "passed": true}, "2": {"execution_time": 0.9997363090515137, "passed": true}, "3": {"execution_time": 0.7007906436920166, "passed": true}, "4": {"execution_time": 0.6580901145935059, "passed": true}, "5": {"execution_time": 0.7289974689483643, "passed": true}, "6": {"execution_time": 0.7349262237548828, "passed": true}, "7": {"execution_time": 0.7173185348510742, "passed": true}, "8": {"execution_time": 0.38802671432495117, "passed": true}, "9": {"execution_time": 0.7021791934967041, "passed": true}, "10": {"execution_time": 0.7213699817657471, "passed": true}, "11": {"execution_time": 2.331632375717163, "passed": true}, "12": {"execution_time": 0.7650163173675537, "passed": true}, "13": {"execution_time": 0.3262825012207031, "passed": true}, "14": {"execution_time": 0.701014518737793, "passed": true}, "15": {"execution_time": 0.7552907466888428, "passed": true}, "16": {"execution_time": 0.5313477516174316, "passed": true}, "17": {"execution_time": 0.3605465888977051, "passed": true}, "18": {"execution_time": 0.4079883098602295, "passed": true}, "19": {"execution_time": 0.46756744384765625, "passed": true}, "20": {"execution_time": 0.43348145484924316, "passed": true}, "21": {"execution_time": 0.4055624008178711, "passed": true}, "22": {"execution_time": 0.4338696002960205, "passed": true}, "23": {"execution_time": 0.5084009170532227, "passed": true}, "24": {"execution_time": 0.2506430149078369, "passed": true}, "25": {"execution_time": 0.8247005939483643, "passed": true}, "26": {"execution_time": 1.0902609825134277, "passed": true}, "27": {"execution_time": 1.1722252368927002, "passed": true}, "28": {"execution_time": 1.4796133041381836, "passed": true}, "29": {"execution_time": 0.36452531814575195, "passed": false}}}, "check_style_score": "1/1"}