{"version": "1", "message": "ERROR: Hidden Testcases server unreachable.", "problem_id": "ads2_m16_a1_1", "user_id": "Arepallyrakesh", "score": {"sample": {"0": {"execution_time": 0.32772231101989746, "passed": true}, "1": {"execution_time": 0.2912600040435791, "passed": true}, "2": {"execution_time": 0.7283728122711182, "passed": true}, "3": {"execution_time": 0.737318754196167, "passed": true}, "4": {"execution_time": 0.6395306587219238, "passed": true}, "5": {"execution_time": 0.7063403129577637, "passed": true}, "6": {"execution_time": 0.6908931732177734, "passed": true}, "7": {"execution_time": 0.7057533264160156, "passed": true}, "8": {"execution_time": 0.34575629234313965, "passed": true}, "9": {"execution_time": 0.6806414127349854, "passed": true}, "10": {"execution_time": 0.6488246917724609, "passed": true}, "11": {"execution_time": 2.263580083847046, "passed": true}, "12": {"execution_time": 0.7049427032470703, "passed": true}, "13": {"execution_time": 0.2724127769470215, "passed": true}, "14": {"execution_time": 0.6727719306945801, "passed": true}, "15": {"execution_time": 0.7206697463989258, "passed": true}, "16": {"execution_time": 0.35122108459472656, "passed": true}, "17": {"execution_time": 0.3829045295715332, "passed": true}, "18": {"execution_time": 0.35311460494995117, "passed": true}, "19": {"execution_time": 0.38935256004333496, "passed": true}, "20": {"execution_time": 0.39261817932128906, "passed": true}, "21": {"execution_time": 0.39156293869018555, "passed": true}, "22": {"execution_time": 0.4851343631744385, "passed": true}, "23": {"execution_time": 0.3947427272796631, "passed": true}, "24": {"execution_time": 0.27010273933410645, "passed": true}, "25": {"execution_time": 0.7887570858001709, "passed": true}, "26": {"execution_time": 0.655963659286499, "passed": true}, "27": {"execution_time": 0.7215580940246582, "passed": true}, "28": {"execution_time": 1.143195390701294, "passed": true}, "29": {"execution_time": 0.19342684745788574, "passed": true}}}, "check_style_score": "1/1"}