{"version": "1", "message": "ERROR: Hidden Testcases server unreachable.", "problem_id": "ads2_m2_a1_1", "user_id": "Arepallyrakesh", "score": {"sample": {"0": {"execution_time": 0.22595691680908203, "passed": true}, "1": {"execution_time": 0.21693992614746094, "passed": true}, "2": {"execution_time": 0.2221972942352295, "passed": true}, "3": {"execution_time": 0.19543242454528809, "passed": true}, "4": {"execution_time": 0.1956319808959961, "passed": true}, "5": {"execution_time": 0.2115333080291748, "passed": true}, "6": {"execution_time": 0.23884177207946777, "passed": true}, "7": {"execution_time": 0.22533679008483887, "passed": true}, "8": {"execution_time": 0.23694705963134766, "passed": true}, "9": {"execution_time": 0.2057502269744873, "passed": true}, "10": {"execution_time": 0.2579498291015625, "passed": true}, "11": {"execution_time": 0.19503140449523926, "passed": true}, "12": {"execution_time": 0.18983912467956543, "passed": true}, "13": {"execution_time": 0.22207140922546387, "passed": true}, "14": {"execution_time": 0.23652887344360352, "passed": true}, "15": {"execution_time": 0.24637627601623535, "passed": true}, "16": {"execution_time": 0.25976037979125977, "passed": true}, "17": {"execution_time": 0.28158068656921387, "passed": true}, "18": {"execution_time": 0.2790672779083252, "passed": true}, "19": {"execution_time": 0.2687046527862549, "passed": true}, "20": {"execution_time": 0.30492186546325684, "passed": true}, "21": {"execution_time": 0.20689606666564941, "passed": true}, "22": {"execution_time": 0.2958354949951172, "passed": true}, "23": {"execution_time": 0.29778218269348145, "passed": true}}}, "check_style_score": "1/1"}