{"version": "1", "message": "ERROR: Hidden Testcases server unreachable.", "problem_id": "ads2_m2_a1_1", "user_id": "nandakishore723", "score": {"sample": {"0": {"execution_time": 0.19715166091918945, "passed": true}, "1": {"execution_time": 0.29926133155822754, "passed": true}, "2": {"execution_time": 0.17675328254699707, "passed": true}, "3": {"execution_time": 0.26518964767456055, "passed": true}, "4": {"execution_time": 0.16155028343200684, "passed": true}, "5": {"execution_time": 0.18159079551696777, "passed": true}, "6": {"execution_time": 0.1784982681274414, "passed": true}, "7": {"execution_time": 0.20504975318908691, "passed": true}, "8": {"execution_time": 0.1789991855621338, "passed": true}, "9": {"execution_time": 0.1726696491241455, "passed": true}, "10": {"execution_time": 0.18975138664245605, "passed": true}, "11": {"execution_time": 0.18550348281860352, "passed": true}, "12": {"execution_time": 0.1835794448852539, "passed": true}, "13": {"execution_time": 0.18588471412658691, "passed": true}, "14": {"execution_time": 0.15740036964416504, "passed": true}, "15": {"execution_time": 0.18553423881530762, "passed": true}, "16": {"execution_time": 0.17638778686523438, "passed": true}, "17": {"execution_time": 0.21818280220031738, "passed": true}, "18": {"execution_time": 0.39867615699768066, "passed": true}, "19": {"execution_time": 0.21168088912963867, "passed": true}, "20": {"execution_time": 0.22312641143798828, "passed": true}, "21": {"execution_time": 0.1974954605102539, "passed": true}, "22": {"execution_time": 0.21724390983581543, "passed": true}, "23": {"execution_time": 0.2165377140045166, "passed": true}}}, "check_style_score": "1/1"}