{"version": "1", "message": "ERROR: Hidden Testcases server unreachable.", "problem_id": "ads2_m2_a1_1", "user_id": "Arepallyrakesh", "score": {"sample": {"0": {"execution_time": 0.2220921516418457, "passed": true}, "1": {"execution_time": 0.20644330978393555, "passed": true}, "2": {"execution_time": 0.2732720375061035, "passed": true}, "3": {"execution_time": 0.18115448951721191, "passed": true}, "4": {"execution_time": 0.26834845542907715, "passed": true}, "5": {"execution_time": 0.25830817222595215, "passed": true}, "6": {"execution_time": 0.23337483406066895, "passed": true}, "7": {"execution_time": 0.21591734886169434, "passed": true}, "8": {"execution_time": 0.2009742259979248, "passed": true}, "9": {"execution_time": 0.18705153465270996, "passed": true}, "10": {"execution_time": 0.2154242992401123, "passed": true}, "11": {"execution_time": 0.29270029067993164, "passed": true}, "12": {"execution_time": 0.19104599952697754, "passed": true}, "13": {"execution_time": 0.18355464935302734, "passed": true}, "14": {"execution_time": 0.18051767349243164, "passed": true}, "15": {"execution_time": 0.19099736213684082, "passed": true}, "16": {"execution_time": 0.19280529022216797, "passed": true}, "17": {"execution_time": 0.24536871910095215, "passed": true}, "18": {"execution_time": 0.25608062744140625, "passed": true}, "19": {"execution_time": 0.24296236038208008, "passed": true}, "20": {"execution_time": 0.2728743553161621, "passed": true}, "21": {"execution_time": 0.18151569366455078, "passed": true}, "22": {"execution_time": 0.28432345390319824, "passed": true}, "23": {"execution_time": 0.28727030754089355, "passed": true}}}, "check_style_score": "1/1"}